Values,GALFIT Inputs,PetroFit,statmorph
amplitude,0.000176,0.00017546,0.00016352
$r_{eff}$,15.0,15.019,15.602
n,5.0,5.0149,4.787
$x_0$,450.0,450.0,449.88
$y_0$,450.0,450.0,449.87
ellip,0.0,0.0,0.00039943
theta,0.0,-6.2832,2.3533
$r_{petro}$,23.78,27.005,25.157
$r_{20}$,3.653,4.5909,3.4316
$r_{80}$,54.582,51.94,20.844
$C_{2080}$,5.872,5.268,3.9174
Total Flux,0.99,0.98708,0.78326
Time,0.0,56.174,33.874
